0-1 Bedroom Units,Accuracy Type,Address Components Secondary.City,Address Components Secondary.Country,Address Components Secondary.County,Address Components Secondary.Formatted Street,Address Components Secondary.Postdirectional,Address Components Secondary.State,Address Components Secondary.Street,Address Components Secondary.Suffix,Address Components Secondary.Zip,Address Components.City,Address Components.Country,Address Components.County,Address Components.Formatted Street,Address Components.Number,Address Components.Postdirectional,Address Components.Predirectional,Address Components.Prefix,Address Components.Secondarynumber,Address Components.Secondaryunit,Address Components.State,Address Components.Street,Address Components.Suffix,Address Components.Zip,City,Construction Type,Earliest Construction Date,End Date,Formatted Address,Fulladdress,HUD Property ID,HUD Subsidy ID,Inactive Status Description,Latest Construction Date,Latitude...17,Longitude...16,Manager Name,Manager Type,Name,NHPD Subsidy ID,Owner Name,Owner Type,Property Name,Property Name (copy),Renewal ID,Renewal Name,Renewal Type Name,Rent to FMR Ratio,Review,SOA Code,Source,Start Date,State,State Name,Street Address,Subsidy,Subsidy Name,Subsidy Status,Subsidy Subname,Target Population,Three+ Bedroom Units,Two Bedroom Units,Unpaid Principal Balance,Zip Code,Accuracy,Age 10 14,Age 15 19,Age 20 24,Age 25 34,Age 35 44,Age 45 54,Age 5 9,Age 55 64,Age 65 74,Age 75 84,Age 85 Up,Age Under5,Ameri Es,Asian,Assisted Units,Ave Fam Sz,Ave Hh Sz,Avg Sale07,Avg Size07,Black,Crop Acr07,Families,Females,Fhh Child,Geometry,Hawn Pi,Hispanic,Households,Hse Units,Hsehld 1 F,Hsehld 1 M,Known Total Units,Lat,Long,Males,Marhh Chd,Marhh No C,Med Age,Med Age F,Med Age M,Mhh Child,Mult Race,NHPD Property ID,No Farms07,Objectid,Other,Owner Occ,Pop10 Sqmi,Pop12 Sqmi,Pop2010,Pop2012,properties,Renter Occ,Shape__Are,Shape__Len,Sqmi,Vacant,White
23,rooftop,NA,NA,NA,NA,NA,NA,NA,NA,NA,South Chesterfield,US,Chesterfield County,Lorimer Rd,15101,NA,NA,NA,NA,NA,VA,Lorimer,Rd,23834,COLONIAL HEIGHTS,NA,1977-01-01T00:00:00Z,11/30/2039,"15101 Lorimer Rd, South Chesterfield, VA 23834","15101 LORIMER RD, COLONIAL HEIGHTS, VA, 23834",800021704,VA360025002,NA,1977-01-01T00:00:00Z,37.317222,-77.409919,PRESERVATION PARTNERS MANAGEMENT GROUP INC,Profit Motivated,Chesterfield,5ad6af68-d1ff-e611-8115-74d435edc0c2,COLONIAL RIDGE PRESERVATION LIMITED PARTNERSHIP,Profit Motivated,COLONIAL RIDGE APARTMENTS,COLONIAL RIDGE APARTMENTS,22,Amend Rents,1b: Discretionary Authority Eligibility Mark-Up-To-Market,102.26,good,NA,Virginia Geographic Information Network (VGIN),43800,VA,Virginia,15101 LORIMER RD,Section 8,Section 8,Active,Sec 8 NC,Family,60,108,NA,23834,1,24195,24886,17509,37881,46036,50230,22791,39933,19555,9827,3496,19897,1210,10294,191,3.11,2.69,20.4,98,69412,6556,86237,163837,10250,MultiPolygon,201,22864,115680,122555,14401,9490,192,37.316999,-77.409995,152399,31414,34447,37.5,38.6,36.2,3120,8363,1094562,220,71,10802,89603,725.5,744.982564,316236,324723,Point,26077,1791021454,292542.3478,435.88,6875,215954
4,rooftop,NA,NA,NA,NA,NA,NA,NA,NA,NA,North Chesterfield,US,Chesterfield County,Eastman Rd,431,NA,NA,NA,NA,NA,VA,Eastman,Rd,23236,RICHMOND,NA,1993-01-01T00:00:00Z,1/31/2035,"431 Eastman Rd, North Chesterfield, VA 23236","431 EASTMAN RD, RICHMOND, VA, 23236",800021797,VA36Q931005,NA,1993-01-01T00:00:00Z,37.497524,-77.593803,CHESTERFIELD ALTERNATIVES INC,Non-Profit,Chesterfield,0045be5c-d1ff-e611-8115-74d435edc0c2,ALTERNATIVE COMMUNITY PROPERTIES INC,Non-Profit,EASTMAN ROAD GROUP HOME,EASTMAN ROAD GROUP HOME,0,NA,NA,54.11,good,NA,Virginia Geographic Information Network (VGIN),44228,VA,Virginia,431 EASTMAN RD,Section 8,Section 8,Active,PRAC/811,Disabled,NA,NA,NA,23236,1,24195,24886,17509,37881,46036,50230,22791,39933,19555,9827,3496,19897,1210,10294,4,3.11,2.69,20.4,98,69412,6556,86237,163837,10250,MultiPolygon,201,22864,115680,122555,14401,9490,4,37.497787,-77.593367,152399,31414,34447,37.5,38.6,36.2,3120,8363,1094416,220,71,10802,89603,725.5,744.982564,316236,324723,Point,26077,1791021454,292542.3478,435.88,6875,215954
NA,rooftop,NA,NA,NA,NA,NA,NA,NA,NA,NA,Midlothian,US,Chesterfield County,Creekpointe Cir,14600,NA,NA,NA,NA,NA,VA,Creekpointe,Cir,23114,MIDLOTHIAN,New Construction,NA,1/1/2034,"14600 Creekpointe Cir, Midlothian, VA 23114","14600 CREEKPOINTE CIR, MIDLOTHIAN, VA, 23114",NA,VAA2004613,NA,NA,37.466857,-77.674606,NA,NA,Chesterfield,a387060d-d768-e711-806a-005056ba3ab9,CREEKPOINTE LP,NA,CREEKPOINTE,CREEKPOINTE,NA,NA,NA,NA,good,NA,Virginia Geographic Information Network (VGIN),37987,VA,Virginia,14600 CREEKPOINTE CIR,LIHTC,LIHTC,Active,4% Tax Credit,Family,NA,NA,NA,23114,1,24195,24886,17509,37881,46036,50230,22791,39933,19555,9827,3496,19897,1210,10294,214,3.11,2.69,20.4,98,69412,6556,86237,163837,10250,MultiPolygon,201,22864,115680,122555,14401,9490,214,37.466243,-77.675564,152399,31414,34447,37.5,38.6,36.2,3120,8363,1106170,220,71,10802,89603,725.5,744.982564,316236,324723,Point,26077,1791021454,292542.3478,435.88,6875,215954
NA,rooftop,NA,NA,NA,NA,NA,NA,NA,NA,NA,Midlothian,US,Chesterfield County,Hailey Crescent Dr,4041,NA,NA,NA,NA,NA,VA,Hailey Crescent,Dr,23112,MIDLOTHIAN,New Construction,NA,1/1/2030,"4041 Hailey Crescent Dr, Midlothian, VA 23112","4041 HAILEY CRESCENT DR, MIDLOTHIAN, VA, 23112",800239478,VAA2000412,NA,NA,37.435981,-77.59037,NA,NA,Chesterfield,86be2cb0-e168-e711-806a-005056ba3ab9,EAGLE POINT,NA,GENITO GLEN,GENITO GLEN,NA,NA,NA,NA,good,NA,Virginia Geographic Information Network (VGIN),36526,VA,Virginia,4041 HAILEY CRESCENT DR,LIHTC,LIHTC,Active,9% Tax Credit,Family,NA,NA,NA,23112,1,24195,24886,17509,37881,46036,50230,22791,39933,19555,9827,3496,19897,1210,10294,102,3.11,2.69,20.4,98,69412,6556,86237,163837,10250,MultiPolygon,201,22864,115680,122555,14401,9490,102,37.435904,-77.590299,152399,31414,34447,37.5,38.6,36.2,3120,8363,1094986,220,71,10802,89603,725.5,744.982564,316236,324723,Point,26077,1791021454,292542.3478,435.88,6875,215954
NA,rooftop,NA,NA,NA,NA,NA,NA,NA,NA,NA,Midlothian,US,Chesterfield County,Colton Creek Rd,500,NA,NA,NA,NA,NA,VA,Colton Creek,Rd,23113,MIDLOTHIAN,New Construction,NA,1/1/2044,"500 Colton Creek Rd, Midlothian, VA 23113","500 COLTON CREEK RD, MIDLOTHIAN, VA, 23113",NA,VAA2014047,NA,NA,37.513671,-77.68444,NA,NA,Chesterfield,e354945f-d668-e711-806a-005056ba3ab9,BROOKCREEK CROSSING LP,NA,BROOK CREEK CROSSING,BROOK CREEK CROSSING,NA,NA,NA,NA,good,NA,Virginia Geographic Information Network (VGIN),41640,VA,Virginia,500 COLTON CREEK RD,LIHTC,LIHTC,Active,9% Tax Credit,Family,NA,NA,NA,23113,1,24195,24886,17509,37881,46036,50230,22791,39933,19555,9827,3496,19897,1210,10294,70,3.11,2.69,20.4,98,69412,6556,86237,163837,10250,MultiPolygon,201,22864,115680,122555,14401,9490,70,37.513302,-77.684255,152399,31414,34447,37.5,38.6,36.2,3120,8363,1104737,220,71,10802,89603,725.5,744.982564,316236,324723,Point,26077,1791021454,292542.3478,435.88,6875,215954
NA,rooftop,NA,NA,NA,NA,NA,NA,NA,NA,NA,North Chesterfield,US,Chesterfield County,Ridgedale Pkwy,5001,NA,NA,NA,NA,NA,VA,Ridgedale,Pkwy,23234,NORTH CHESTERFIELD,New Construction,NA,1/1/2034,"5001 Ridgedale Pkwy, North Chesterfield, VA 23234","5001 RIDGEDALE PKWY, NORTH CHESTERFIELD, VA, 23234",NA,VAA2004643,NA,NA,37.448646,-77.490814,NA,NA,Chesterfield,bef28e65-d668-e711-806a-005056ba3ab9,THE COMMONS AT IRONBRIDGE LP,NA,PARK AT RIDGEDALE,PARK AT RIDGEDALE,NA,NA,NA,NA,good,NA,Virginia Geographic Information Network (VGIN),37987,VA,Virginia,5001 RIDGEDALE PKWY,LIHTC,LIHTC,Active,4% Tax Credit,Elderly or disabled,NA,NA,NA,23234,1,24195,24886,17509,37881,46036,50230,22791,39933,19555,9827,3496,19897,1210,10294,108,3.11,2.69,20.4,98,69412,6556,86237,163837,10250,MultiPolygon,201,22864,115680,122555,14401,9490,120,37.44824,-77.491445,152399,31414,34447,37.5,38.6,36.2,3120,8363,1104800,220,71,10802,89603,725.5,744.982564,316236,324723,Point,26077,1791021454,292542.3478,435.88,6875,215954
NA,rooftop,NA,NA,NA,NA,NA,NA,NA,NA,NA,North Chesterfield,US,Chesterfield County,Bensley Commons Ln,7101,NA,NA,NA,NA,NA,VA,Bensley Commons,Ln,23237,NORTH CHESTERFIELD,New Construction,NA,1/1/2036,"7101 Bensley Commons Ln, North Chesterfield, VA 23237","7101 BENSLEY COMMONS LN, NORTH CHESTERFIELD, VA, 23237",NA,VAA2006784,NA,NA,37.424446,-77.442024,NA,NA,Chesterfield,ff49021f-d768-e711-806a-005056ba3ab9,MARKET SQUARE ELDERLY HOUSING PHASE III LLC,NA,MARKET SQUARE III,MARKET SQUARE III,NA,NA,NA,NA,good,NA,Virginia Geographic Information Network (VGIN),38718,VA,Virginia,7101 BENSLEY COMMONS LN,LIHTC,LIHTC,Active,9% Tax Credit,Elderly or disabled,NA,NA,NA,23237,1,24195,24886,17509,37881,46036,50230,22791,39933,19555,9827,3496,19897,1210,10294,69,3.11,2.69,20.4,98,69412,6556,86237,163837,10250,MultiPolygon,201,22864,115680,122555,14401,9490,69,37.424551,-77.441617,152399,31414,34447,37.5,38.6,36.2,3120,8363,1105942,220,71,10802,89603,725.5,744.982564,316236,324723,Point,26077,1791021454,292542.3478,435.88,6875,215954
62,rooftop,NA,NA,NA,NA,NA,NA,NA,NA,NA,North Chesterfield,US,Chesterfield County,Taw St,7300,NA,NA,NA,NA,NA,VA,Taw,St,23237,NORTH CHESTERFIELD,New Construction,NA,1/1/2034,"7300 Taw St, North Chesterfield, VA 23237","7300 TAW ST, NORTH CHESTERFIELD, VA, 23237",NA,VAA2004644,NA,NA,37.424247,-77.439628,NA,NA,Chesterfield,81ed02d4-e168-e711-806a-005056ba3ab9,MARKET SQUARE ELDERLY HOUSING LP,NA,MARKET SQUARE I,MARKET SQUARE I,NA,NA,NA,NA,good,NA,Virginia Geographic Information Network (VGIN),37987,VA,Virginia,7300 TAW ST,LIHTC,LIHTC,Active,9% Tax Credit,Elderly or disabled,0,1,NA,23237,1,24195,24886,17509,37881,46036,50230,22791,39933,19555,9827,3496,19897,1210,10294,63,3.11,2.69,20.4,98,69412,6556,86237,163837,10250,MultiPolygon,201,22864,115680,122555,14401,9490,63,37.42393,-77.439656,152399,31414,34447,37.5,38.6,36.2,3120,8363,1095242,220,71,10802,89603,725.5,744.982564,316236,324723,Point,26077,1791021454,292542.3478,435.88,6875,215954
35,rooftop,NA,NA,NA,NA,NA,NA,NA,NA,NA,North Chesterfield,US,Chesterfield County,Taw St,7310,NA,NA,NA,NA,NA,VA,Taw,St,23237,NORTH CHESTERFIELD,New Construction,NA,1/1/2035,"7310 Taw St, North Chesterfield, VA 23237","7310 TAW ST, NORTH CHESTERFIELD, VA, 23237",NA,VAA2005760,NA,NA,37.424118,-77.439598,NA,NA,Chesterfield,587e5a38-e168-e711-806a-005056ba3ab9,MARKET SQUARE ELDERLY HOUSING PHASE II LP,NA,MARKET SQUARE II,MARKET SQUARE II,NA,NA,NA,NA,good,NA,Virginia Geographic Information Network (VGIN),38353,VA,Virginia,7310 TAW ST,LIHTC,LIHTC,Active,9% Tax Credit,Elderly or disabled,0,7,NA,23237,1,24195,24886,17509,37881,46036,50230,22791,39933,19555,9827,3496,19897,1210,10294,42,3.11,2.69,20.4,98,69412,6556,86237,163837,10250,MultiPolygon,201,22864,115680,122555,14401,9490,42,37.423208,-77.439995,152399,31414,34447,37.5,38.6,36.2,3120,8363,1094723,220,71,10802,89603,725.5,744.982564,316236,324723,Point,26077,1791021454,292542.3478,435.88,6875,215954
NA,rooftop,NA,NA,NA,NA,NA,NA,NA,NA,NA,Midlothian,US,Chesterfield County,Mallard Landing Cir,4123,NA,NA,NA,NA,NA,VA,Mallard Landing,Cir,23112,MIDLOTHIAN,New Construction,NA,1/1/2027,"4123 Mallard Landing Cir, Midlothian, VA 23112","4123 MALLARD LANDING CIR, MIDLOTHIAN, VA, 23112",NA,VAA1997227,NA,NA,37.434295,-77.590156,NA,NA,Chesterfield,ed1210c8-e168-e711-806a-005056ba3ab9,AMURCON REALTY CO,NA,MALLARD COVE I,MALLARD COVE I,NA,NA,NA,NA,good,NA,Virginia Geographic Information Network (VGIN),35431,VA,Virginia,4123 MALLARD LANDING CIR,LIHTC,LIHTC,Active,9% Tax Credit,Family,NA,NA,NA,23112,1,24195,24886,17509,37881,46036,50230,22791,39933,19555,9827,3496,19897,1210,10294,144,3.11,2.69,20.4,98,69412,6556,86237,163837,10250,MultiPolygon,201,22864,115680,122555,14401,9490,144,37.434692,-77.589832,152399,31414,34447,37.5,38.6,36.2,3120,8363,1094734,220,71,10802,89603,725.5,744.982564,316236,324723,Point,26077,1791021454,292542.3478,435.88,6875,215954
0,rooftop,NA,NA,NA,NA,NA,NA,NA,NA,NA,Midlothian,US,Chesterfield County,Mallard Landing Cir,4123,NA,NA,NA,NA,NA,VA,Mallard Landing,Cir,23112,MIDLOTHIAN,New Construction,NA,1/1/2030,"4123 Mallard Landing Cir, Midlothian, VA 23112","4123 MALLARD LANDING CIR, MIDLOTHIAN, VA, 23112",NA,VAA2000427,NA,NA,37.434295,-77.590156,NA,NA,Chesterfield,77604280-e168-e711-806a-005056ba3ab9,AMURCON REALTY CO,NA,MALLARD COVE II,MALLARD COVE II,NA,NA,NA,NA,good,NA,Virginia Geographic Information Network (VGIN),36526,VA,Virginia,4123 MALLARD LANDING CIR,LIHTC,LIHTC,Active,9% Tax Credit,Family,57,51,NA,23112,1,24195,24886,17509,37881,46036,50230,22791,39933,19555,9827,3496,19897,1210,10294,108,3.11,2.69,20.4,98,69412,6556,86237,163837,10250,MultiPolygon,201,22864,115680,122555,14401,9490,108,37.434692,-77.589832,152399,31414,34447,37.5,38.6,36.2,3120,8363,1094734,220,71,10802,89603,725.5,744.982564,316236,324723,Point,26077,1791021454,292542.3478,435.88,6875,215954
NA,rooftop,NA,NA,NA,NA,NA,NA,NA,NA,NA,North Chesterfield,US,Chesterfield County,Camberwell Rd,2809,NA,NA,NA,NA,NA,VA,Camberwell,Rd,23234,NORTH CHESTERFIELD,Acquisition and Rehab,NA,1/1/2029,"2809 Camberwell Rd, North Chesterfield, VA 23234","2809 CAMBERWELL RD, NORTH CHESTERFIELD, VA, 23234",NA,VAA1999240,NA,NA,37.443649,-77.444854,NA,NA,Chesterfield,428f8d86-d1ff-e611-8115-74d435edc0c2,CHIPPENHAM APTS LP,For Profit,SOUTHPOINTE LANDING,SOUTHPOINTE LANDING,NA,NA,NA,NA,good,NA,Virginia Geographic Information Network (VGIN),36161,VA,Virginia,2809 CAMBERWELL RD,LIHTC,LIHTC,Active,9% Tax Credit,Family,32,160,NA,23234,1,24195,24886,17509,37881,46036,50230,22791,39933,19555,9827,3496,19897,1210,10294,192,3.11,2.69,20.4,98,69412,6556,86237,163837,10250,MultiPolygon,201,22864,115680,122555,14401,9490,192,37.443725,-77.445608,152399,31414,34447,37.5,38.6,36.2,3120,8363,1095118,220,71,10802,89603,725.5,744.982564,316236,324723,Point,26077,1791021454,292542.3478,435.88,6875,215954
0,rooftop,NA,NA,NA,NA,NA,NA,NA,NA,NA,North Chesterfield,US,Chesterfield County,Burnt Oak Dr,4800,NA,NA,NA,NA,NA,VA,Burnt Oak,Dr,23234,NORTH CHESTERFIELD,New Construction,NA,1/1/2036,"4800 Burnt Oak Dr, North Chesterfield, VA 23234","4800 BURNT OAK DR, NORTH CHESTERFIELD, VA, 23234",NA,VAA2006779,NA,NA,37.454067,-77.488563,NA,NA,Chesterfield,84056a2c-e168-e711-806a-005056ba3ab9,MCCORMACK BARON SALAZAR INC / MBA URBAN DEVELOPMENT CO,NA,IVY WALK II,IVY WALK II,NA,NA,NA,NA,good,NA,Virginia Geographic Information Network (VGIN),38718,VA,Virginia,4800 BURNT OAK DR,LIHTC,LIHTC,Active,4% Tax Credit,Family,66,56,NA,23234,1,24195,24886,17509,37881,46036,50230,22791,39933,19555,9827,3496,19897,1210,10294,122,3.11,2.69,20.4,98,69412,6556,86237,163837,10250,MultiPolygon,201,22864,115680,122555,14401,9490,122,37.453795,-77.489098,152399,31414,34447,37.5,38.6,36.2,3120,8363,1094640,220,71,10802,89603,725.5,744.982564,316236,324723,Point,26077,1791021454,292542.3478,435.88,6875,215954
3,rooftop,NA,NA,NA,NA,NA,NA,NA,NA,NA,Midlothian,US,Chesterfield County,Iverson Rd,2637,NA,NA,NA,NA,NA,VA,Iverson,Rd,23112,MIDLOTHIAN,NA,1994-01-01T00:00:00Z,12/31/2036,"2637 Iverson Rd, Midlothian, VA 23112","2637 IVERSON RD, MIDLOTHIAN, VA, 23112",800021900,VA36Q941003,NA,1994-01-01T00:00:00Z,37.454067,-77.6137,CHESTERFIELD ALTERNATIVES INC,Non-Profit,Chesterfield,afa2cd50-d1ff-e611-8115-74d435edc0c2,IVERSON PROPERTIES INC,Non-Profit,IVERSON ROAD GROUP HOME,IVERSON ROAD GROUP HOME,0,NA,NA,49.04,good,NA,Virginia Geographic Information Network (VGIN),44197,VA,Virginia,2637 IVERSON RD,Section 8,Section 8,Active,PRAC/811,Disabled,NA,NA,NA,23112,1,24195,24886,17509,37881,46036,50230,22791,39933,19555,9827,3496,19897,1210,10294,3,3.11,2.69,20.4,98,69412,6556,86237,163837,10250,MultiPolygon,201,22864,115680,122555,14401,9490,3,37.453877,-77.613718,152399,31414,34447,37.5,38.6,36.2,3120,8363,1094319,220,71,10802,89603,725.5,744.982564,316236,324723,Point,26077,1791021454,292542.3478,435.88,6875,215954
70,rooftop,NA,NA,NA,NA,NA,NA,NA,NA,NA,North Chesterfield,US,Chesterfield County,Burnt Oak Dr,4800,NA,NA,NA,NA,NA,VA,Burnt Oak,Dr,23234,NORTH CHESTERFIELD,New Construction,NA,1/1/2037,"4800 Burnt Oak Dr, North Chesterfield, VA 23234","4800 BURNT OAK DR, NORTH CHESTERFIELD, VA, 23234",NA,VAA2007791,NA,NA,37.454067,-77.488563,NA,NA,Chesterfield,c08137a4-e168-e711-806a-005056ba3ab9,MCCORMACK BARON SALAZAR INC / MBA URBAN DEVELOPMENT CO,NA,IVY WALK I,IVY WALK I,NA,NA,NA,NA,good,NA,Virginia Geographic Information Network (VGIN),39083,VA,Virginia,4800 BURNT OAK DR,LIHTC,LIHTC,Active,4% Tax Credit,Family,0,56,NA,23234,1,24195,24886,17509,37881,46036,50230,22791,39933,19555,9827,3496,19897,1210,10294,126,3.11,2.69,20.4,98,69412,6556,86237,163837,10250,MultiPolygon,201,22864,115680,122555,14401,9490,126,37.453795,-77.489098,152399,31414,34447,37.5,38.6,36.2,3120,8363,1094640,220,71,10802,89603,725.5,744.982564,316236,324723,Point,26077,1791021454,292542.3478,435.88,6875,215954
82,rooftop,NA,NA,NA,NA,NA,NA,NA,NA,NA,Midlothian,US,Chesterfield County,Price Club Blvd,3901,NA,NA,NA,NA,NA,VA,Price Club,Blvd,23112,MIDLOTHIAN,NA,1998-01-01T00:00:00Z,8/31/2040,"3901 Price Club Blvd, Midlothian, VA 23112","3901 PRICE CLUB BLVD, MIDLOTHIAN, VA, 23112",800062024,VA36S961001,NA,1998-01-01T00:00:00Z,37.436664,-77.586853,BHC MANAGEMENT,Non-Profit,Chesterfield,3f7c3969-d468-e711-806a-005056ba3ab9,AFFORDABLE RESIDENCES IN CHESTERFIELD,Non-Profit,ROCKWOOD VILLAGE,ROCKWOOD VILLAGE,0,NA,NA,60.24,good,NA,Virginia Geographic Information Network (VGIN),44440,VA,Virginia,3901 PRICE CLUB BLVD,Section 8,Section 8,Active,PRAC/202,Elderly,0,0,NA,23112,1,24195,24886,17509,37881,46036,50230,22791,39933,19555,9827,3496,19897,1210,10294,82,3.11,2.69,20.4,98,69412,6556,86237,163837,10250,MultiPolygon,201,22864,115680,122555,14401,9490,83,37.436117,-77.586339,152399,31414,34447,37.5,38.6,36.2,3120,8363,1021232,220,71,10802,89603,725.5,744.982564,316236,324723,Point,26077,1791021454,292542.3478,435.88,6875,215954
NA,place,NA,NA,NA,NA,NA,NA,NA,NA,NA,Chester,US,Chesterfield County,NA,NA,NA,NA,NA,NA,NA,VA,NA,NA,23831,CHESTER,New Construction,NA,1/1/2036,"Chester, VA 23831","215088 GRAND OAKS FOREST CIR, CHESTER, VA, NA",NA,VAA2006040,NA,NA,37.345298,-77.437202,NA,NA,Chesterfield,a8337698-d1ff-e611-8115-74d435edc0c2,THE NRP GROUP,For Profit,GRAND OAKS SENIORS,GRAND OAKS SENIORS,NA,NA,NA,NA,unknown issue,NA,TIGER/Line® dataset from the US Census Bureau,38718,VA,Virginia,215088 GRAND OAKS FOREST CIR,LIHTC,LIHTC,Active,4% Tax Credit,Elderly or disabled,NA,32,141398,,0.33,24195,24886,17509,37881,46036,50230,22791,39933,19555,9827,3496,19897,1210,10294,32,3.11,2.69,20.4,98,69412,6556,86237,163837,10250,MultiPolygon,201,22864,115680,122555,14401,9490,32,37.354032,-77.457,152399,31414,34447,37.5,38.6,36.2,3120,8363,1094917,220,71,10802,89603,725.5,744.982564,316236,324723,Point,26077,1791021454,292542.3478,435.88,6875,215954
16,place,NA,NA,NA,NA,NA,NA,NA,NA,NA,Chester,US,Chesterfield County,NA,NA,NA,NA,NA,NA,NA,VA,NA,NA,23831,CHESTER,New Construction,NA,1/1/2047,"Chester, VA 23831","6700 IRON CIREEK CIR, CHESTER, VA, 23831",NA,VAA2017022,NA,NA,37.361545,-77.496467,NA,NA,Chesterfield,5e3563f9-3bc8-e911-a021-005056ba3ab9,IRON BRIDGE ROAD APTS VA LLC,NA,IRON BRIDGE ROAD,IRON BRIDGE ROAD,NA,NA,NA,NA,wrong address,NA,TIGER/Line® dataset from the US Census Bureau,42736,VA,Virginia,6700 IRON CIREEK CIR,LIHTC,LIHTC,Active,9% Tax Credit,Family,0,64,NA,23831,0.33,24195,24886,17509,37881,46036,50230,22791,39933,19555,9827,3496,19897,1210,10294,80,3.11,2.69,20.4,98,69412,6556,86237,163837,10250,MultiPolygon,201,22864,115680,122555,14401,9490,80,37.361922,-77.496336,152399,31414,34447,37.5,38.6,36.2,3120,8363,1130442,220,71,10802,89603,725.5,744.982564,316236,324723,Point,26077,1791021454,292542.3478,435.88,6875,215954
5,rooftop,NA,NA,NA,NA,NA,NA,NA,NA,NA,North Chesterfield,US,Chesterfield County,Stella Ct,4105,NA,NA,NA,NA,NA,VA,Stella,Ct,23234,RICHMOND,NA,1985-01-01T00:00:00Z,12/31/2037,"4105 Stella Ct, North Chesterfield, VA 23234","4105 STELLA CT, RICHMOND, VA, 23234",800021721,VA36H027198,NA,1985-01-01T00:00:00Z,37.458538,-77.500999,CHESTERFIELD COUNTY,Non-Profit,Chesterfield,102bd54a-d1ff-e611-8115-74d435edc0c2,CHESTERFIELD ALTERNATIVES INC,Non-Profit,CHESTERFIELD M/R,CHESTERFIELD M/R,19,Amend Rents,4: Request Renewal for Projects Exempt from OAHP,52.2,good,NA,Virginia Geographic Information Network (VGIN),43101,VA,Virginia,4105 STELLA CT,Section 8,Section 8,Active,HFDA/8 NC,Disabled,NA,NA,NA,23234,1,24195,24886,17509,37881,46036,50230,22791,39933,19555,9827,3496,19897,1210,10294,5,3.11,2.69,20.4,98,69412,6556,86237,163837,10250,MultiPolygon,201,22864,115680,122555,14401,9490,6,37.458235,-77.500992,152399,31414,34447,37.5,38.6,36.2,3120,8363,1094285,220,71,10802,89603,725.5,744.982564,316236,324723,Point,26077,1791021454,292542.3478,435.88,6875,215954
15,rooftop,NA,NA,NA,NA,NA,NA,NA,NA,NA,Chesterfield,US,Chesterfield County,Reedy Branch Rd,11901,NA,NA,NA,NA,NA,VA,Reedy Branch,Rd,23838,CHESTERFIELD,NA,1987-01-01T00:00:00Z,6/21/2034,"11901 Reedy Branch Rd, Chesterfield, VA 23838","11901 REEDY BRANCH RD, CHESTERFIELD, VA, 23838",800021844,VA36T871005,NA,1987-01-01T00:00:00Z,37.302658,-77.599601,GATEWAY HOMES INC,Non-Profit,Chesterfield,2cd5af68-d1ff-e611-8115-74d435edc0c2,GATEWAY FARMS,Non-Profit,GATEWAY FARM,GATEWAY FARM,13,Amend Rents,4: Request Renewal for Projects Exempt from OAHP,104.69,good,NA,Virginia Geographic Information Network (VGIN),41812,VA,Virginia,11901 REEDY BRANCH RD,Section 8,Section 8,Active,202/8 NC,Disabled,NA,NA,NA,23838,1,24195,24886,17509,37881,46036,50230,22791,39933,19555,9827,3496,19897,1210,10294,15,3.11,2.69,20.4,98,69412,6556,86237,163837,10250,MultiPolygon,201,22864,115680,122555,14401,9490,16,37.301677,-77.600389,152399,31414,34447,37.5,38.6,36.2,3120,8363,1094573,220,71,10802,89603,725.5,744.982564,316236,324723,Point,26077,1791021454,292542.3478,435.88,6875,215954
48,rooftop,NA,NA,NA,NA,NA,NA,NA,NA,NA,Chester,US,Chesterfield County,Grand Oaks Forest Cir,5301,NA,NA,NA,NA,NA,VA,Grand Oaks Forest,Cir,23831,CHESTER,New Construction,NA,1/1/2036,"5301 Grand Oaks Forest Cir, Chester, VA 23831","5301 GRAND OAKS FOREST CIR, CHESTER, VA, 23831",NA,VAA2006035,NA,NA,37.353195,-77.457191,NA,NA,Chesterfield,a4337698-d1ff-e611-8115-74d435edc0c2,THE NRP GROUP,For Profit,GRAND OAKS,GRAND OAKS,NA,NA,NA,NA,good,NA,Virginia Geographic Information Network (VGIN),38718,VA,Virginia,5301 GRAND OAKS FOREST CIR,LIHTC,LIHTC,Active,4% Tax Credit,Family,73,63,635860,23831,1,24195,24886,17509,37881,46036,50230,22791,39933,19555,9827,3496,19897,1210,10294,184,3.11,2.69,20.4,98,69412,6556,86237,163837,10250,MultiPolygon,201,22864,115680,122555,14401,9490,184,37.353418,-77.457039,152399,31414,34447,37.5,38.6,36.2,3120,8363,1094917,220,71,10802,89603,725.5,744.982564,316236,324723,Point,26077,1791021454,292542.3478,435.88,6875,215954
NA,rooftop,NA,NA,NA,NA,NA,NA,NA,NA,NA,Chesterfield,US,Chesterfield County,Fore Cir,6500,NA,NA,NA,NA,NA,VA,Fore,Cir,23832,CHESTERFIELD,New Construction,NA,1/1/2033,"6500 Fore Cir, Chesterfield, VA 23832","6500 FORE CIR, CHESTERFIELD, VA, 23832",800216093,VAA2003575,NA,NA,37.377799,-77.50138,NA,NA,Chesterfield,2e3dac47-d668-e711-806a-005056ba3ab9,FORE PROPERTY COMPANY,NA,COURTHOUSE SENIORS,COURTHOUSE SENIORS,NA,NA,NA,NA,good,NA,Virginia Geographic Information Network (VGIN),37622,VA,Virginia,6500 FORE CIR,LIHTC,LIHTC,Active,4% Tax Credit,Elderly or disabled,NA,NA,NA,23832,1,24195,24886,17509,37881,46036,50230,22791,39933,19555,9827,3496,19897,1210,10294,69,3.11,2.69,20.4,98,69412,6556,86237,163837,10250,MultiPolygon,201,22864,115680,122555,14401,9490,69,37.377574,-77.500815,152399,31414,34447,37.5,38.6,36.2,3120,8363,1104373,220,71,10802,89603,725.5,744.982564,316236,324723,Point,26077,1791021454,292542.3478,435.88,6875,215954
65,rooftop,NA,NA,NA,NA,NA,NA,NA,NA,NA,Chester,US,Chesterfield County,Chester Village Dr,11701,NA,NA,NA,NA,NA,VA,Chester Village,Dr,23831,CHESTER,New Construction,NA,1/1/2036,"11701 Chester Village Dr, Chester, VA 23831","11701 CHESTER VILLAGE DR, CHESTER, VA, 23831",NA,VAA2006754,NA,NA,37.358562,-77.446289,NA,NA,Chesterfield,e3a2e5f1-e168-e711-806a-005056ba3ab9,CHESTER VILLAGE APTS LP,NA,CHESTER VILLAGE GREEN,CHESTER VILLAGE GREEN,NA,NA,NA,NA,good,NA,Virginia Geographic Information Network (VGIN),38718,VA,Virginia,11701 CHESTER VILLAGE DR,LIHTC,LIHTC,Active,4% Tax Credit,Elderly or disabled,0,98,NA,23831,1,24195,24886,17509,37881,46036,50230,22791,39933,19555,9827,3496,19897,1210,10294,125,3.11,2.69,20.4,98,69412,6556,86237,163837,10250,MultiPolygon,201,22864,115680,122555,14401,9490,163,37.358895,-77.446032,152399,31414,34447,37.5,38.6,36.2,3120,8363,1094850,220,71,10802,89603,725.5,744.982564,316236,324723,Point,26077,1791021454,292542.3478,435.88,6875,215954
NA,rooftop,NA,NA,NA,NA,NA,NA,NA,NA,NA,Midlothian,US,Chesterfield County,Charter Colony Pkwy,801,NA,NA,NA,NA,NA,VA,Charter Colony,Pkwy,23114,MIDLOTHIAN,New Construction,NA,1/1/2038,"801 Charter Colony Pkwy, Midlothian, VA 23114","801 CHARTER COLONY PKWY, MIDLOTHIAN, VA, 23114",NA,VAA2008035,NA,NA,37.486629,-77.661865,NA,NA,Chesterfield,1c6466a4-d1ff-e611-8115-74d435edc0c2,CHARTER COLONY SENIOR ASSOC,NA,ATLANTIC AT CHARTER COLONY,ATLANTIC AT CHARTER COLONY,NA,NA,NA,NA,good,NA,Virginia Geographic Information Network (VGIN),39448,VA,Virginia,801 CHARTER COLONY PKWY,LIHTC,LIHTC,Active,4% Tax Credit,Elderly or disabled,NA,NA,325550,23114,1,24195,24886,17509,37881,46036,50230,22791,39933,19555,9827,3496,19897,1210,10294,113,3.11,2.69,20.4,98,69412,6556,86237,163837,10250,MultiPolygon,201,22864,115680,122555,14401,9490,113,37.491672,-77.660126,152399,31414,34447,37.5,38.6,36.2,3120,8363,1095099,220,71,10802,89603,725.5,744.982564,316236,324723,Point,26077,1791021454,292542.3478,435.88,6875,215954
NA,rooftop,NA,NA,NA,NA,NA,NA,NA,NA,NA,South Chesterfield,US,Chesterfield County,Lorimer Rd,15101,NA,NA,NA,NA,NA,VA,Lorimer,Rd,23834,SOUTH CHESTERFIELD,NA,NA,3/1/2059,"15101 Lorimer Rd, South Chesterfield, VA 23834","15101 LORIMER RD, SOUTH CHESTERFIELD, VA, 23834",800021704,5135750,NA,NA,37.317222,-77.409919,SUMMIT REALTY GROUP INC,NA,Chesterfield,a12c5dda-3f90-e811-b0ec-005056ba3ab9,NA,NA,COLONIAL RIDGE APARTMENTS,COLONIAL RIDGE APARTMENTS,NA,NA,NA,NA,good,OMI,Virginia Geographic Information Network (VGIN),43556,VA,Virginia,15101 LORIMER RD,HUD Insured,HUD Insured,Active,221(D)(4) MKT RATE MOD INC/ DISP FAMS,Family,NA,NA,35024018.81,23834,1,24195,24886,17509,37881,46036,50230,22791,39933,19555,9827,3496,19897,1210,10294,292,3.11,2.69,20.4,98,69412,6556,86237,163837,10250,MultiPolygon,201,22864,115680,122555,14401,9490,292,37.316999,-77.409995,152399,31414,34447,37.5,38.6,36.2,3120,8363,1094562,220,71,10802,89603,725.5,744.982564,316236,324723,Point,26077,1791021454,292542.3478,435.88,6875,215954
NA,rooftop,NA,NA,NA,NA,NA,NA,NA,NA,NA,Chester,US,Chesterfield County,Timsberry Cir,15227,NA,NA,NA,NA,NA,VA,Timsberry,Cir,23831,CHESTERFIELD,New Construction,NA,1/1/2033,"15227 Timsberry Cir, Chester, VA 23831","15227 TIMSBERRY CIR, CHESTERFIELD, VA, NA",NA,VAA2003015,NA,NA,NA,NA,NA,NA,Chesterfield,717e7e92-d1ff-e611-8115-74d435edc0c2,HERCULES REAL ESTATE SERVICES INC,NA,BROADWATER I,BROADWATER I,NA,NA,NA,NA,good,NA,Virginia Geographic Information Network (VGIN),37622,VA,Virginia,15227 TIMSBERRY CIR,LIHTC,LIHTC,Active,4% Tax Credit,Family,150,NA,NA,,0.9,24195,24886,17509,37881,46036,50230,22791,39933,19555,9827,3496,19897,1210,10294,150,3.11,2.69,20.4,98,69412,6556,86237,163837,10250,MultiPolygon,201,22864,115680,122555,14401,9490,150,37.310377,-77.426086,152399,31414,34447,37.5,38.6,36.2,3120,8363,1094699,220,71,10802,89603,725.5,744.982564,316236,324723,Point,26077,1791021454,292542.3478,435.88,6875,215954
24,rooftop,NA,NA,NA,NA,NA,NA,NA,NA,NA,Chester,US,Chesterfield County,Arbor Lake Dr,6706,NA,NA,NA,NA,NA,VA,Arbor Lake,Dr,23831,CHESTER,New Construction,NA,1/1/2028,"6706 Arbor Lake Dr, Chester, VA 23831","6706 ARBOR LAKE DR, CHESTER, VA, 23831",NA,VAA1998264,NA,NA,37.356166,-77.49282,NA,NA,Chesterfield,959e466e-e168-e711-806a-005056ba3ab9,ARBOR LAKES LP,NA,ARBOR LAKE,ARBOR LAKE,NA,NA,NA,NA,good,NA,Virginia Geographic Information Network (VGIN),35796,VA,Virginia,6706 ARBOR LAKE DR,LIHTC,LIHTC,Active,9% Tax Credit,Family,34,68,NA,23831,1,24195,24886,17509,37881,46036,50230,22791,39933,19555,9827,3496,19897,1210,10294,126,3.11,2.69,20.4,98,69412,6556,86237,163837,10250,MultiPolygon,201,22864,115680,122555,14401,9490,126,37.356203,-77.491852,152399,31414,34447,37.5,38.6,36.2,3120,8363,1094804,220,71,10802,89603,725.5,744.982564,316236,324723,Point,26077,1791021454,292542.3478,435.88,6875,215954
NA,rooftop,NA,NA,NA,NA,NA,NA,NA,NA,NA,Chester,US,Chesterfield County,Broadwater Way,15076,NA,NA,NA,NA,NA,VA,Broadwater,Way,23831,CHESTER,New Construction,NA,1/1/2035,"15076 Broadwater Way, Chester, VA 23831","15076 BROADWATER WAY, CHESTER, VA, 23831",NA,VAA2005732,NA,NA,37.311077,-77.428695,NA,NA,Chesterfield,9c1b4c50-e168-e711-806a-005056ba3ab9,HERCULES REAL ESTATE SERVICES INC,NA,BROADWATER II,BROADWATER II,NA,NA,NA,NA,good,NA,Virginia Geographic Information Network (VGIN),38353,VA,Virginia,15076 BROADWATER WAY,LIHTC,LIHTC,Active,4% Tax Credit,Family,NA,NA,NA,23831,1,24195,24886,17509,37881,46036,50230,22791,39933,19555,9827,3496,19897,1210,10294,73,3.11,2.69,20.4,98,69412,6556,86237,163837,10250,MultiPolygon,201,22864,115680,122555,14401,9490,73,37.311313,-77.428727,152399,31414,34447,37.5,38.6,36.2,3120,8363,1094805,220,71,10802,89603,725.5,744.982564,316236,324723,Point,26077,1791021454,292542.3478,435.88,6875,215954
3,rooftop,NA,NA,NA,NA,NA,NA,NA,NA,NA,North Chesterfield,US,Chesterfield County,Winters Hill Cir,1502,NA,NA,NA,NA,NA,VA,Winters Hill,Cir,23236,NORTH CHESTERFIELD,NA,1994-01-01T00:00:00Z,7/31/2036,"1502 Winters Hill Cir, North Chesterfield, VA 23236","1502 WINTERS HILL CIR, NORTH CHESTERFIELD, VA, 23236",800022133,VA36Q941005,NA,1994-01-01T00:00:00Z,37.477718,-77.573379,CHESTERFIELD ALTERNATIVES INC,Non-Profit,Chesterfield,b447be5c-d1ff-e611-8115-74d435edc0c2,WINTERSHILL PROPERTIES INC,Non-Profit,WINTERSHILL CIRCLE GROUP HOME,WINTERSHILL CIRCLE GROUP HOME,0,NA,NA,54.31,good,NA,Virginia Geographic Information Network (VGIN),44409,VA,Virginia,1502 WINTERS HILL CIR,Section 8,Section 8,Active,PRAC/811,Disabled,NA,NA,NA,23236,1,24195,24886,17509,37881,46036,50230,22791,39933,19555,9827,3496,19897,1210,10294,3,3.11,2.69,20.4,98,69412,6556,86237,163837,10250,MultiPolygon,201,22864,115680,122555,14401,9490,3,37.477852,-77.573369,152399,31414,34447,37.5,38.6,36.2,3120,8363,1094454,220,71,10802,89603,725.5,744.982564,316236,324723,Point,26077,1791021454,292542.3478,435.88,6875,215954
8,rooftop,NA,NA,NA,NA,NA,NA,NA,NA,NA,Chesterfield,US,Chesterfield County,Baron Dr,5924,NA,NA,NA,NA,NA,VA,Baron,Dr,23832,CHESTERFIELD,NA,1992-01-01T00:00:00Z,4/30/2034,"5924 Baron Dr, Chesterfield, VA 23832","5924 BARON DR, CHESTERFIELD, VA, 23832",800021750,VA36Q891002,NA,1992-01-01T00:00:00Z,37.429924,-77.52993,CHESTERFIELD ALTERNATIVES INC,Non-Profit,Chesterfield,23a4cd50-d1ff-e611-8115-74d435edc0c2,CHESTERFIELD ALTERNATIVES PROPERTIES INC,Non-Profit,CHESTERFIELD ALTERNATIVES GROUP HOME,CHESTERFIELD ALTERNATIVES GROUP HOME,0,NA,NA,47.03,good,NA,Virginia Geographic Information Network (VGIN),44317,VA,Virginia,5924 BARON DR,Section 8,Section 8,Active,PRAC/811,Disabled,NA,NA,NA,23832,1,24195,24886,17509,37881,46036,50230,22791,39933,19555,9827,3496,19897,1210,10294,8,3.11,2.69,20.4,98,69412,6556,86237,163837,10250,MultiPolygon,201,22864,115680,122555,14401,9490,8,37.429632,-77.530873,152399,31414,34447,37.5,38.6,36.2,3120,8363,1094343,220,71,10802,89603,725.5,744.982564,316236,324723,Point,26077,1791021454,292542.3478,435.88,6875,215954
3,rooftop,NA,NA,NA,NA,NA,NA,NA,NA,NA,Chester,US,Chesterfield County,Terjo Ln,3807,NA,NA,NA,NA,NA,VA,Terjo,Ln,23831,CHESTER,NA,1994-01-01T00:00:00Z,7/14/2036,"3807 Terjo Ln, Chester, VA 23831","3807 TERJO LN, CHESTER, VA, 23831",800022096,VA36Q941004,NA,1994-01-01T00:00:00Z,37.367401,-77.443435,CHESTERFIELD ALTERNATIVES INC,Non-Profit,Chesterfield,29a3cd50-d1ff-e611-8115-74d435edc0c2,TERJO PROPERTIES INC,Non-Profit,TERJO LANE GROUP HOME,TERJO LANE GROUP HOME,0,NA,NA,59.86,good,NA,Virginia Geographic Information Network (VGIN),44392,VA,Virginia,3807 TERJO LN,Section 8,Section 8,Active,PRAC/811,Disabled,NA,NA,NA,23831,1,24195,24886,17509,37881,46036,50230,22791,39933,19555,9827,3496,19897,1210,10294,3,3.11,2.69,20.4,98,69412,6556,86237,163837,10250,MultiPolygon,201,22864,115680,122555,14401,9490,3,37.367178,-77.442125,152399,31414,34447,37.5,38.6,36.2,3120,8363,1094328,220,71,10802,89603,725.5,744.982564,316236,324723,Point,26077,1791021454,292542.3478,435.88,6875,215954
3,rooftop,NA,NA,NA,NA,NA,NA,NA,NA,NA,Chesterfield,US,Chesterfield County,Ridgerun Ter,5301,NA,NA,NA,NA,NA,VA,Ridgerun,Ter,23832,CHESTERFIELD,NA,1993-01-01T00:00:00Z,4/30/2035,"5301 Ridgerun Ter, Chesterfield, VA 23832","5301 RIDGERUN TER, CHESTERFIELD, VA, 23832",800022050,VA36Q931003,NA,1993-01-01T00:00:00Z,37.420829,-77.581008,CHESTERFIELD ALTERNATIVES INC,Non-Profit,Chesterfield,f2d6af68-d1ff-e611-8115-74d435edc0c2,RIDGE RUN TERRACE PROPERTIES INC,Non-Profit,RIDGE RUN GROUP HOME,RIDGE RUN GROUP HOME,0,NA,NA,67.52,good,NA,Virginia Geographic Information Network (VGIN),44317,VA,Virginia,5301 RIDGERUN TER,Section 8,Section 8,Active,PRAC/811,Disabled,NA,NA,NA,23832,1,24195,24886,17509,37881,46036,50230,22791,39933,19555,9827,3496,19897,1210,10294,3,3.11,2.69,20.4,98,69412,6556,86237,163837,10250,MultiPolygon,201,22864,115680,122555,14401,9490,3,37.420714,-77.581106,152399,31414,34447,37.5,38.6,36.2,3120,8363,1094572,220,71,10802,89603,725.5,744.982564,316236,324723,Point,26077,1791021454,292542.3478,435.88,6875,215954
NA,rooftop,NA,NA,NA,NA,NA,NA,NA,NA,NA,Chesterfield,US,Chesterfield County,Reedy Branch Rd,11901,NA,NA,NA,NA,NA,VA,Reedy Branch,Rd,23838,CHESTERFIELD,NA,NA,9/1/2029,"11901 Reedy Branch Rd, Chesterfield, VA 23838","11901 REEDY BRANCH ROAD, CHESTERFIELD, VA, 23838",800021844,800021844,NA,NA,NA,NA,"Gateway Homes, Inc.",Non-Profit,Chesterfield,28d5af68-d1ff-e611-8115-74d435edc0c2,GATEWAY FARMS,Non-Profit,GATEWAY FARM,GATEWAY FARM,NA,NA,NA,NA,good,ZPF,Virginia Geographic Information Network (VGIN),33018,VA,Virginia,11901 REEDY BRANCH ROAD,Section 202 or Section 236,Section 202,Active,202/8 Direct Loan/ Elderly-Handicapped,Elderly or disabled,NA,NA,211035,23838,1,24195,24886,17509,37881,46036,50230,22791,39933,19555,9827,3496,19897,1210,10294,15,3.11,2.69,20.4,98,69412,6556,86237,163837,10250,MultiPolygon,201,22864,115680,122555,14401,9490,16,37.301677,-77.600389,152399,31414,34447,37.5,38.6,36.2,3120,8363,1094573,220,71,10802,89603,725.5,744.982564,316236,324723,Point,26077,1791021454,292542.3478,435.88,6875,215954
4,range_interpolation,NA,NA,NA,NA,NA,NA,NA,NA,NA,North Chesterfield,US,Chesterfield County,S Prestonwood Ave,5301,NA,S,NA,NA,NA,VA,Prestonwood,Ave,23234,RICHMOND,NA,1993-01-01T00:00:00Z,11/30/2035,"5301 S Prestonwood Ave, North Chesterfield, VA 23234","5301 S PRESTONWOOD AVE, RICHMOND, VA, 23234",800021687,VA36Q931006,NA,1993-01-01T00:00:00Z,37.448219,-77.476852,CHESTERFIELD ALTERNATIVES INC,Non-Profit,Chesterfield,4ed4af68-d1ff-e611-8115-74d435edc0c2,PRESTONWOOD PROPERTIES INC,Non-Profit,PRESTONWOOD GROUP HOME,PRESTONWOOD GROUP HOME,0,NA,NA,52.49,good,NA,TIGER/Line® dataset from the US Census Bureau,44166,VA,Virginia,5301 S PRESTONWOOD AVE,Section 8,Section 8,Active,PRAC/811,Disabled,NA,NA,NA,23234,1,24195,24886,17509,37881,46036,50230,22791,39933,19555,9827,3496,19897,1210,10294,4,3.11,2.69,20.4,98,69412,6556,86237,163837,10250,MultiPolygon,201,22864,115680,122555,14401,9490,4,37.448351,-77.477052,152399,31414,34447,37.5,38.6,36.2,3120,8363,1094557,220,71,10802,89603,725.5,744.982564,316236,324723,Point,26077,1791021454,292542.3478,435.88,6875,215954
NA,range_interpolation,NA,NA,NA,NA,NA,NA,NA,NA,NA,Chesterfield,US,Chesterfield County,Krause Rd,9851,NA,NA,NA,NA,NA,VA,Krause,Rd,23832,CHESTERFIELD,NA,NA,4/1/2053,"9851 Krause Rd, Chesterfield, VA 23832","9851 KRAUSE ROAD, CHESTERFIELD, VA, 23832",800216093,5135663,Terminated Mortgage,NA,NA,NA,FORE PROPERTY COMPANY,NA,Chesterfield,2a3dac47-d668-e711-806a-005056ba3ab9,NA,NA,COURTHOUSE SENIOR APARTMENTS,COURTHOUSE SENIOR APARTMENTS,NA,NA,NA,NA,,REJ,TIGER/Line® dataset from the US Census Bureau,41395,VA,Virginia,9851 KRAUSE ROAD,HUD Insured,HUD Insured,Inactive,223(A)(7)/221(D)(4) MKT REFI/ MODERATE,Elderly,NA,NA,3454387.81,23832,1,24195,24886,17509,37881,46036,50230,22791,39933,19555,9827,3496,19897,1210,10294,69,3.11,2.69,20.4,98,69412,6556,86237,163837,10250,MultiPolygon,201,22864,115680,122555,14401,9490,69,37.377754,-77.50135,152399,31414,34447,37.5,38.6,36.2,3120,8363,1104373,220,71,10802,89603,725.5,744.982564,316236,324723,Point,26077,1791021454,292542.3478,435.88,6875,215954
NA,rooftop,NA,NA,NA,NA,NA,NA,NA,NA,NA,Midlothian,US,Chesterfield County,Hailey Crescent Dr,4041,NA,NA,NA,NA,NA,VA,Hailey Crescent,Dr,23112,MIDLOTHIAN,NA,NA,1/1/2028,"4041 Hailey Crescent Dr, Midlothian, VA 23112","4041 HAILEY CRESCENT DR, MIDLOTHIAN, VA, 23112",800239478,VAA1998090,Missing from Subsequent Updates,NA,37.43671,-77.589699,NA,NA,Chesterfield,9a8c8d86-d1ff-e611-8115-74d435edc0c2,GENITO GLENN LP,For Profit,GENITO GLEN,GENITO GLEN,NA,NA,NA,NA,,NA,Virginia Geographic Information Network (VGIN),35796,VA,Virginia,4041 HAILEY CRESCENT DR,LIHTC,LIHTC,Inactive,9% Tax Credit,NA,NA,NA,NA,23112,1,24195,24886,17509,37881,46036,50230,22791,39933,19555,9827,3496,19897,1210,10294,102,3.11,2.69,20.4,98,69412,6556,86237,163837,10250,MultiPolygon,201,22864,115680,122555,14401,9490,102,37.435904,-77.590299,152399,31414,34447,37.5,38.6,36.2,3120,8363,1094986,220,71,10802,89603,725.5,744.982564,316236,324723,Point,26077,1791021454,292542.3478,435.88,6875,215954
NA,rooftop,NA,NA,NA,NA,NA,NA,NA,NA,NA,North Chesterfield,US,Chesterfield County,Burnt Oak Dr,4800,NA,NA,NA,NA,NA,VA,Burnt Oak,Dr,23234,NORTH CHESTERFIELD,NA,NA,1/1/2032,"4800 Burnt Oak Dr, North Chesterfield, VA 23234","4800 BURNT OAK DR, NORTH CHESTERFIELD, VA, 23234",NA,VAA2002107,Missing from Subsequent Updates,NA,37.454102,-77.488525,NA,NA,Chesterfield,d28e878c-d1ff-e611-8115-74d435edc0c2,MCCORMACK BARON SALAZAR INC,For Profit,IVY WALK II,IVY WALK II,NA,NA,NA,NA,,NA,Virginia Geographic Information Network (VGIN),37257,VA,Virginia,4800 BURNT OAK DR,LIHTC,LIHTC,Inactive,4% Tax Credit,NA,NA,NA,421484,23234,1,24195,24886,17509,37881,46036,50230,22791,39933,19555,9827,3496,19897,1210,10294,122,3.11,2.69,20.4,98,69412,6556,86237,163837,10250,MultiPolygon,201,22864,115680,122555,14401,9490,122,37.453795,-77.489098,152399,31414,34447,37.5,38.6,36.2,3120,8363,1094640,220,71,10802,89603,725.5,744.982564,316236,324723,Point,26077,1791021454,292542.3478,435.88,6875,215954
NA,rooftop,NA,NA,NA,NA,NA,NA,NA,NA,NA,North Chesterfield,US,Chesterfield County,Burnt Oak Dr,4800,NA,NA,NA,NA,NA,VA,Burnt Oak,Dr,23234,NORTH CHESTERFIELD,NA,NA,1/1/2032,"4800 Burnt Oak Dr, North Chesterfield, VA 23234","4800 BURNT OAK DR, NORTH CHESTERFIELD, VA, 23234",NA,VAA2002271,Missing from Subsequent Updates,NA,37.454102,-77.488525,NA,NA,Chesterfield,d68e878c-d1ff-e611-8115-74d435edc0c2,MCCORMACK BARON SALAZAR INC,For Profit,IVY WALK I,IVY WALK I,NA,NA,NA,NA,,NA,Virginia Geographic Information Network (VGIN),37257,VA,Virginia,4800 BURNT OAK DR,LIHTC,LIHTC,Inactive,4% Tax Credit,NA,NA,NA,406863,23234,1,24195,24886,17509,37881,46036,50230,22791,39933,19555,9827,3496,19897,1210,10294,126,3.11,2.69,20.4,98,69412,6556,86237,163837,10250,MultiPolygon,201,22864,115680,122555,14401,9490,126,37.453795,-77.489098,152399,31414,34447,37.5,38.6,36.2,3120,8363,1094640,220,71,10802,89603,725.5,744.982564,316236,324723,Point,26077,1791021454,292542.3478,435.88,6875,215954
NA,rooftop,NA,NA,NA,NA,NA,NA,NA,NA,NA,Chester,US,Chesterfield County,Chester Village Dr,11701,NA,NA,NA,NA,NA,VA,Chester Village,Dr,23831,CHESTER,NA,NA,1/1/2035,"11701 Chester Village Dr, Chester, VA 23831","11701 CHESTER VILLAGE DR, CHESTER, VA, 23831",NA,VAA2005056,Missing from Subsequent Updates,NA,37.358555,-77.446281,NA,NA,Chesterfield,67807e92-d1ff-e611-8115-74d435edc0c2,CHESTER VILLAGE APTS LP,For Profit,CHESTER VILLAGE GREEN,CHESTER VILLAGE GREEN,NA,NA,NA,NA,,NA,Virginia Geographic Information Network (VGIN),38353,VA,Virginia,11701 CHESTER VILLAGE DR,LIHTC,LIHTC,Inactive,4% Tax Credit,NA,NA,NA,316224,23831,1,24195,24886,17509,37881,46036,50230,22791,39933,19555,9827,3496,19897,1210,10294,124,3.11,2.69,20.4,98,69412,6556,86237,163837,10250,MultiPolygon,201,22864,115680,122555,14401,9490,163,37.358895,-77.446032,152399,31414,34447,37.5,38.6,36.2,3120,8363,1094850,220,71,10802,89603,725.5,744.982564,316236,324723,Point,26077,1791021454,292542.3478,435.88,6875,215954
NA,rooftop,NA,NA,NA,NA,NA,NA,NA,NA,NA,Chester,US,Chesterfield County,Arbor Lake Dr,6850,NA,NA,NA,NA,NA,VA,Arbor Lake,Dr,23831,CHESTER,NA,NA,1/1/2026,"6850 Arbor Lake Dr, Chester, VA 23831","6850 ARBOR LAKE DR, CHESTER, VA, 23831",NA,VAA1996005,Missing from Subsequent Updates,NA,37.355274,-77.492516,NA,NA,Chesterfield,d0439180-d1ff-e611-8115-74d435edc0c2,ARBOR LAKES LP,For Profit,ARBOR LAKE,ARBOR LAKE,NA,NA,NA,NA,,NA,Virginia Geographic Information Network (VGIN),35065,VA,Virginia,6850 ARBOR LAKE DR,LIHTC,LIHTC,Inactive,9% Tax Credit,NA,NA,NA,NA,23831,1,24195,24886,17509,37881,46036,50230,22791,39933,19555,9827,3496,19897,1210,10294,126,3.11,2.69,20.4,98,69412,6556,86237,163837,10250,MultiPolygon,201,22864,115680,122555,14401,9490,126,37.356056,-77.49245,152399,31414,34447,37.5,38.6,36.2,3120,8363,1094804,220,71,10802,89603,725.5,744.982564,316236,324723,Point,26077,1791021454,292542.3478,435.88,6875,215954
NA,rooftop,NA,NA,NA,NA,NA,NA,NA,NA,NA,Chester,US,Chesterfield County,Broadwater Way,15153,NA,NA,NA,NA,NA,VA,Broadwater,Way,23831,CHESTER,NA,NA,1/1/2033,"15153 Broadwater Way, Chester, VA 23831","15153 BROADWATER WAY, CHESTER, VA, 23831",NA,VAA2003020,Missing from Subsequent Updates,NA,37.310635,-77.428719,NA,NA,Chesterfield,7b7f7e92-d1ff-e611-8115-74d435edc0c2,"BROADWATER II ASSOCIATES, L. P.",For Profit,BROADWATER II ( AKA BROADWATER TOWNHOUSES II ),BROADWATER II ( AKA BROADWATER TOWNHOUSES II ),NA,NA,NA,NA,,NA,Virginia Geographic Information Network (VGIN),37622,VA,Virginia,15153 BROADWATER WAY,LIHTC,LIHTC,Inactive,4% Tax Credit,NA,NA,NA,NA,23831,1,24195,24886,17509,37881,46036,50230,22791,39933,19555,9827,3496,19897,1210,10294,73,3.11,2.69,20.4,98,69412,6556,86237,163837,10250,MultiPolygon,201,22864,115680,122555,14401,9490,73,37.310127,-77.428052,152399,31414,34447,37.5,38.6,36.2,3120,8363,1094805,220,71,10802,89603,725.5,744.982564,316236,324723,Point,26077,1791021454,292542.3478,435.88,6875,215954
NA,rooftop,NA,NA,NA,NA,NA,NA,NA,NA,NA,Chester,US,Chesterfield County,Broadwater Way,15153,NA,NA,NA,NA,NA,VA,Broadwater,Way,23831,CHESTER,NA,NA,1/1/2034,"15153 Broadwater Way, Chester, VA 23831","15153 BROADWATER WAY, CHESTER, VA, 23831",NA,VAA2004015,Missing from Subsequent Updates,NA,37.310635,-77.428719,NA,NA,Chesterfield,7f7f7e92-d1ff-e611-8115-74d435edc0c2,HERCULES REAL ESTATE SERVICES INC,For Profit,BROADWATER II,BROADWATER II,NA,NA,NA,NA,,NA,Virginia Geographic Information Network (VGIN),37987,VA,Virginia,15153 BROADWATER WAY,LIHTC,LIHTC,Inactive,4% Tax Credit,NA,NA,NA,NA,23831,1,24195,24886,17509,37881,46036,50230,22791,39933,19555,9827,3496,19897,1210,10294,77,3.11,2.69,20.4,98,69412,6556,86237,163837,10250,MultiPolygon,201,22864,115680,122555,14401,9490,77,37.310127,-77.428052,152399,31414,34447,37.5,38.6,36.2,3120,8363,1094805,220,71,10802,89603,725.5,744.982564,316236,324723,Point,26077,1791021454,292542.3478,435.88,6875,215954
NA,rooftop,NA,NA,NA,NA,NA,NA,NA,NA,NA,Midlothian,US,Chesterfield County,Hailey Crescent Dr,4041,NA,NA,NA,NA,NA,VA,Hailey Crescent,Dr,23112,CHESTERFIELD,NA,NA,1/1/2049,"4041 Hailey Crescent Dr, Midlothian, VA 23112","4041 HAILEY CRESCENT DRIVE, CHESTERFIELD, VA, 23112",800239478,5111287,Missing from Subsequent Updates,NA,NA,NA,NA,NA,Chesterfield,e12bcd3e-3fc8-e911-a021-005056ba3ab9,NA,NA,GENITO GLEN,GENITO GLEN,NA,NA,NA,NA,,HRI,Virginia Geographic Information Network (VGIN),41671,VA,Virginia,4041 HAILEY CRESCENT DRIVE,HUD Insured,HUD Insured,Inactive,207/ 223(F) PUR/ REFIN HSG,NA,NA,NA,NA,23112,1,24195,24886,17509,37881,46036,50230,22791,39933,19555,9827,3496,19897,1210,10294,102,3.11,2.69,20.4,98,69412,6556,86237,163837,10250,MultiPolygon,201,22864,115680,122555,14401,9490,102,37.435904,-77.590299,152399,31414,34447,37.5,38.6,36.2,3120,8363,1094986,220,71,10802,89603,725.5,744.982564,316236,324723,Point,26077,1791021454,292542.3478,435.88,6875,215954
NA,rooftop,NA,NA,NA,NA,NA,NA,NA,NA,NA,Midlothian,US,Chesterfield County,Mallard Landing Cir,4123,NA,NA,NA,NA,NA,VA,Mallard Landing,Cir,23112,MIDLOTHIAN,NA,NA,1/1/2022,"4123 Mallard Landing Cir, Midlothian, VA 23112","4123 MALLARD LANDING CIR, MIDLOTHIAN, VA, 23112",NA,VAA1992090,Missing from Subsequent Updates,NA,37.434296,-77.590157,NA,NA,Chesterfield,9ece967a-d1ff-e611-8115-74d435edc0c2,MALLARD COVE ASSOC LP,NA,MALLARD COVE ( PC APTS ),MALLARD COVE ( PC APTS ),NA,NA,NA,NA,,NA,Virginia Geographic Information Network (VGIN),33604,VA,Virginia,4123 MALLARD LANDING CIR,LIHTC,LIHTC,Inactive,9% Tax Credit,NA,NA,NA,NA,23112,1,24195,24886,17509,37881,46036,50230,22791,39933,19555,9827,3496,19897,1210,10294,144,3.11,2.69,20.4,98,69412,6556,86237,163837,10250,MultiPolygon,201,22864,115680,122555,14401,9490,144,37.434692,-77.589832,152399,31414,34447,37.5,38.6,36.2,3120,8363,1094734,220,71,10802,89603,725.5,744.982564,316236,324723,Point,26077,1791021454,292542.3478,435.88,6875,215954
NA,rooftop,NA,NA,NA,NA,NA,NA,NA,NA,NA,Midlothian,US,Chesterfield County,Mallard Landing Cir,4123,NA,NA,NA,NA,NA,VA,Mallard Landing,Cir,23112,MIDLOTHIAN,NA,NA,1/1/2026,"4123 Mallard Landing Cir, Midlothian, VA 23112","4123 MALLARD LANDING CIR, MIDLOTHIAN, VA, 23112",NA,VAA1996090,Missing from Subsequent Updates,NA,37.434296,-77.590157,NA,NA,Chesterfield,a2ce967a-d1ff-e611-8115-74d435edc0c2,MALLARD COVE II ASSOC LP,Non-Profit,MALLARD COVE II,MALLARD COVE II,NA,NA,NA,NA,,NA,Virginia Geographic Information Network (VGIN),35065,VA,Virginia,4123 MALLARD LANDING CIR,LIHTC,LIHTC,Inactive,9% Tax Credit,NA,NA,NA,NA,23112,1,24195,24886,17509,37881,46036,50230,22791,39933,19555,9827,3496,19897,1210,10294,108,3.11,2.69,20.4,98,69412,6556,86237,163837,10250,MultiPolygon,201,22864,115680,122555,14401,9490,108,37.434692,-77.589832,152399,31414,34447,37.5,38.6,36.2,3120,8363,1094734,220,71,10802,89603,725.5,744.982564,316236,324723,Point,26077,1791021454,292542.3478,435.88,6875,215954
NA,rooftop,NA,NA,NA,NA,NA,NA,NA,NA,NA,North Chesterfield,US,Chesterfield County,Taw St,7300,NA,NA,NA,NA,NA,VA,Taw,St,23237,NORTH CHESTERFIELD,NA,NA,1/1/2031,"7300 Taw St, North Chesterfield, VA 23237","7300 TAW ST, NORTH CHESTERFIELD, VA, 23237",NA,VAA2001135,Missing from Subsequent Updates,NA,37.424248,-77.439629,NA,NA,Chesterfield,aa8d878c-d1ff-e611-8115-74d435edc0c2,MARKET SQUARE ELDERLY HSG LP,Non-Profit,MARKET SQUARE ELDERLY,MARKET SQUARE ELDERLY,NA,NA,NA,NA,,NA,Virginia Geographic Information Network (VGIN),36892,VA,Virginia,7300 TAW ST,LIHTC,LIHTC,Inactive,9% Tax Credit,NA,NA,NA,NA,23237,1,24195,24886,17509,37881,46036,50230,22791,39933,19555,9827,3496,19897,1210,10294,63,3.11,2.69,20.4,98,69412,6556,86237,163837,10250,MultiPolygon,201,22864,115680,122555,14401,9490,63,37.42393,-77.439656,152399,31414,34447,37.5,38.6,36.2,3120,8363,1095242,220,71,10802,89603,725.5,744.982564,316236,324723,Point,26077,1791021454,292542.3478,435.88,6875,215954
NA,rooftop,NA,NA,NA,NA,NA,NA,NA,NA,NA,North Chesterfield,US,Chesterfield County,Taw St,7310,NA,NA,NA,NA,NA,VA,Taw,St,23237,NORTH CHESTERFIELD,NA,NA,1/1/2033,"7310 Taw St, North Chesterfield, VA 23237","7310 TAW ST, NORTH CHESTERFIELD, VA, 23237",NA,VAA2003135,Missing from Subsequent Updates,NA,37.424118,-77.439598,NA,NA,Chesterfield,fb7e7e92-d1ff-e611-8115-74d435edc0c2,MARKET SQUARE ELDERLY HSG PHASE II LP,Non-Profit,MARKET SQUARE II ( AKA MARKET SQUARE ELDERLY II ),MARKET SQUARE II ( AKA MARKET SQUARE ELDERLY II ),NA,NA,NA,NA,,NA,Virginia Geographic Information Network (VGIN),37622,VA,Virginia,7310 TAW ST,LIHTC,LIHTC,Inactive,9% Tax Credit,NA,NA,NA,NA,23237,1,24195,24886,17509,37881,46036,50230,22791,39933,19555,9827,3496,19897,1210,10294,42,3.11,2.69,20.4,98,69412,6556,86237,163837,10250,MultiPolygon,201,22864,115680,122555,14401,9490,42,37.423208,-77.439995,152399,31414,34447,37.5,38.6,36.2,3120,8363,1094723,220,71,10802,89603,725.5,744.982564,316236,324723,Point,26077,1791021454,292542.3478,435.88,6875,215954
NA,rooftop,NA,NA,NA,NA,NA,NA,NA,NA,NA,Chester,US,Chesterfield County,Evelyn Dr,13504,NA,NA,NA,NA,NA,VA,Evelyn,Dr,23831,CHESTER,NA,NA,5/1/2048,"13504 Evelyn Dr, Chester, VA 23831","13504 EVELYN DR, CHESTER, VA, 23831",800061782,5111265,Terminated Mortgage,NA,NA,NA,"NRS/ATG, LLC t/a Neighborhood Realty Services",NA,Chesterfield,afb2e787-524b-e911-af29-005056ba3ab9,NA,NA,LAKETREE MANOR APARTMENTS,LAKETREE MANOR APARTMENTS,NA,NA,NA,NA,,REK,Virginia Geographic Information Network (VGIN),41426,VA,Virginia,13504 EVELYN DR,HUD Insured,HUD Insured,Inactive,223(A)(7) REFI OF 223(F) APTS,Family,NA,NA,1523856.1,23831,1,24195,24886,17509,37881,46036,50230,22791,39933,19555,9827,3496,19897,1210,10294,50,3.11,2.69,20.4,98,69412,6556,86237,163837,10250,MultiPolygon,201,22864,115680,122555,14401,9490,50,37.340547,-77.416142,152399,31414,34447,37.5,38.6,36.2,3120,8363,1007622,220,71,10802,89603,725.5,744.982564,316236,324723,Point,26077,1791021454,292542.3478,435.88,6875,215954
NA,rooftop,NA,NA,NA,NA,NA,NA,NA,NA,NA,Midlothian,US,Chesterfield County,Hailey Crescent Dr,4041,NA,NA,NA,NA,NA,VA,Hailey Crescent,Dr,23112,MIDLOTHIAN,NA,NA,3/1/2052,"4041 Hailey Crescent Dr, Midlothian, VA 23112","4041 HAILEY CRESCENT DR, MIDLOTHIAN, VA, 23112",800239478,5111358,Terminated Mortgage,NA,NA,NA,S L NUSBAUM REALTY CO,NA,Chesterfield,a27a6279-b1f0-e711-81d0-005056ba3ab9,NA,NA,GENITO GLEN APARTMENTS,GENITO GLEN APARTMENTS,NA,NA,NA,NA,,REK,Virginia Geographic Information Network (VGIN),42826,VA,Virginia,4041 HAILEY CRESCENT DR,HUD Insured,HUD Insured,Inactive,223(A)(7) REFI OF 223(F) APTS,Family,NA,NA,5622496.86,23112,1,24195,24886,17509,37881,46036,50230,22791,39933,19555,9827,3496,19897,1210,10294,102,3.11,2.69,20.4,98,69412,6556,86237,163837,10250,MultiPolygon,201,22864,115680,122555,14401,9490,102,37.435904,-77.590299,152399,31414,34447,37.5,38.6,36.2,3120,8363,1094986,220,71,10802,89603,725.5,744.982564,316236,324723,Point,26077,1791021454,292542.3478,435.88,6875,215954
NA,rooftop,NA,NA,NA,NA,NA,NA,NA,NA,NA,North Chesterfield,US,Chesterfield County,Wentworth St,7001,NA,NA,NA,NA,NA,VA,Wentworth,St,23237,NORTH CHESTERFIELD,NA,NA,7/1/2046,"7001 Wentworth St, North Chesterfield, VA 23237","7001 WENTWORTH ST, NORTH CHESTERFIELD, VA, 23237",800218661,5111269,Terminated Mortgage,NA,NA,NA,KRS HOLDINGS INC,NA,Chesterfield,4347f5ba-dc68-e711-806a-005056ba3ab9,NA,NA,LAFAYETTE TOWNHOUSE APARTMENTS,LAFAYETTE TOWNHOUSE APARTMENTS,NA,NA,NA,NA,,REK,Virginia Geographic Information Network (VGIN),41487,VA,Virginia,7001 WENTWORTH ST,HUD Insured,HUD Insured,Inactive,223(A)(7) REFI OF 223(F) APTS,Family,NA,NA,1221924.57,23237,1,24195,24886,17509,37881,46036,50230,22791,39933,19555,9827,3496,19897,1210,10294,48,3.11,2.69,20.4,98,69412,6556,86237,163837,10250,MultiPolygon,201,22864,115680,122555,14401,9490,48,37.430303,-77.444835,152399,31414,34447,37.5,38.6,36.2,3120,8363,1095253,220,71,10802,89603,725.5,744.982564,316236,324723,Point,26077,1791021454,292542.3478,435.88,6875,215954
NA,rooftop,NA,NA,NA,NA,NA,NA,NA,NA,NA,Chesterfield,US,Chesterfield County,Fore Cir,6500,NA,NA,NA,NA,NA,VA,Fore,Cir,23832,CHESTERFIELD,NA,NA,4/1/2042,"6500 Fore Cir, Chesterfield, VA 23832","6500 FORE CIR, CHESTERFIELD, VA, 23832",800216093,5135500,Terminated Mortgage,NA,NA,NA,NA,NA,Chesterfield,e52bcd3e-3fc8-e911-a021-005056ba3ab9,NA,NA,COURTHOUSE SENIOR APARTMENTS,COURTHOUSE SENIOR APARTMENTS,NA,NA,NA,NA,,OMI,Virginia Geographic Information Network (VGIN),37834,VA,Virginia,6500 FORE CIR,HUD Insured,HUD Insured,Inactive,221(D)(4) MKT RATE MOD INC/ DISP FAMS,NA,NA,NA,NA,23832,1,24195,24886,17509,37881,46036,50230,22791,39933,19555,9827,3496,19897,1210,10294,69,3.11,2.69,20.4,98,69412,6556,86237,163837,10250,MultiPolygon,201,22864,115680,122555,14401,9490,69,37.377574,-77.500815,152399,31414,34447,37.5,38.6,36.2,3120,8363,1104373,220,71,10802,89603,725.5,744.982564,316236,324723,Point,26077,1791021454,292542.3478,435.88,6875,215954
NA,rooftop,NA,NA,NA,NA,NA,NA,NA,NA,NA,Chester,US,Chesterfield County,Evelyn Dr,13504,NA,NA,NA,NA,NA,VA,Evelyn,Dr,23831,CHESTER,NA,NA,4/1/2043,"13504 Evelyn Dr, Chester, VA 23831","13504 EVELYN DR, CHESTER, VA, 23831",800061782,5111193,Terminated Mortgage,NA,NA,NA,NA,NA,Chesterfield,dd2bcd3e-3fc8-e911-a021-005056ba3ab9,NA,NA,LAKETREE MANOR APARTMENTS,LAKETREE MANOR APARTMENTS,NA,NA,NA,NA,,HRI,Virginia Geographic Information Network (VGIN),39569,VA,Virginia,13504 EVELYN DR,HUD Insured,HUD Insured,Inactive,207/ 223(F) PUR/ REFIN HSG,NA,NA,NA,NA,23831,1,24195,24886,17509,37881,46036,50230,22791,39933,19555,9827,3496,19897,1210,10294,50,3.11,2.69,20.4,98,69412,6556,86237,163837,10250,MultiPolygon,201,22864,115680,122555,14401,9490,50,37.340547,-77.416142,152399,31414,34447,37.5,38.6,36.2,3120,8363,1007622,220,71,10802,89603,725.5,744.982564,316236,324723,Point,26077,1791021454,292542.3478,435.88,6875,215954
NA,rooftop,NA,NA,NA,NA,NA,NA,NA,NA,NA,Midlothian,US,Chesterfield County,Hailey Crescent Dr,4041,NA,NA,NA,NA,NA,VA,Hailey Crescent,Dr,23112,CHESTERFIELD,NA,NA,1/1/2049,"4041 Hailey Crescent Dr, Midlothian, VA 23112","4041 HAILEY CRESCENT DR, CHESTERFIELD, VA, 23112",800239478,5111287,Terminated Mortgage,NA,NA,NA,S L NUSBAUM REALTY CO,NA,Chesterfield,bea9fab4-dc68-e711-806a-005056ba3ab9,NA,NA,GENITO GLEN,GENITO GLEN,NA,NA,NA,NA,,HRI,Virginia Geographic Information Network (VGIN),41671,VA,Virginia,4041 HAILEY CRESCENT DR,HUD Insured,HUD Insured,Inactive,207/ 223(F) PUR/ REFIN HSG,NA,NA,NA,5646027.51,23112,1,24195,24886,17509,37881,46036,50230,22791,39933,19555,9827,3496,19897,1210,10294,102,3.11,2.69,20.4,98,69412,6556,86237,163837,10250,MultiPolygon,201,22864,115680,122555,14401,9490,102,37.435904,-77.590299,152399,31414,34447,37.5,38.6,36.2,3120,8363,1094986,220,71,10802,89603,725.5,744.982564,316236,324723,Point,26077,1791021454,292542.3478,435.88,6875,215954
NA,rooftop,NA,NA,NA,NA,NA,NA,NA,NA,NA,Chester,US,Chesterfield County,Evelyn Dr,13504,NA,NA,NA,NA,NA,VA,Evelyn,Dr,23831,CHESTER,NA,NA,3/1/2012,"13504 Evelyn Dr, Chester, VA 23831","13504 EVELYN DR, CHESTER, VA, 23831",800061782,5144015,Terminated Mortgage,NA,NA,NA,NA,NA,Chesterfield,b3b2e787-524b-e911-af29-005056ba3ab9,NA,NA,LAKETREE MANOR APARTMENTS,LAKETREE MANOR APARTMENTS,NA,NA,NA,NA,,VAR,Virginia Geographic Information Network (VGIN),26390,VA,Virginia,13504 EVELYN DR,HUD Insured,HUD Insured,Inactive,236(J)(1)/ LOWER INCOME FAMILIES,NA,NA,NA,NA,23831,1,24195,24886,17509,37881,46036,50230,22791,39933,19555,9827,3496,19897,1210,10294,50,3.11,2.69,20.4,98,69412,6556,86237,163837,10250,MultiPolygon,201,22864,115680,122555,14401,9490,50,37.340547,-77.416142,152399,31414,34447,37.5,38.6,36.2,3120,8363,1007622,220,71,10802,89603,725.5,744.982564,316236,324723,Point,26077,1791021454,292542.3478,435.88,6875,215954
NA,rooftop,NA,NA,NA,NA,NA,NA,NA,NA,NA,North Chesterfield,US,Chesterfield County,Wentworth St,7001,NA,NA,NA,NA,NA,VA,Wentworth,St,23237,NORTH CHESTERFIELD,NA,NA,2/1/2038,"7001 Wentworth St, North Chesterfield, VA 23237","7001 WENTWORTH ST, NORTH CHESTERFIELD, VA, 23237",800218661,5111155,Terminated Mortgage,NA,NA,NA,NA,NA,Chesterfield,598acc44-3fc8-e911-a021-005056ba3ab9,NA,NA,LAFAYETTE TOWNHOUSE APARTMENTS,LAFAYETTE TOWNHOUSE APARTMENTS,NA,NA,NA,NA,,HRI,Virginia Geographic Information Network (VGIN),37681,VA,Virginia,7001 WENTWORTH ST,HUD Insured,HUD Insured,Inactive,207/ 223(F) PUR/ REFIN HSG,NA,NA,NA,NA,23237,1,24195,24886,17509,37881,46036,50230,22791,39933,19555,9827,3496,19897,1210,10294,48,3.11,2.69,20.4,98,69412,6556,86237,163837,10250,MultiPolygon,201,22864,115680,122555,14401,9490,48,37.430303,-77.444835,152399,31414,34447,37.5,38.6,36.2,3120,8363,1095253,220,71,10802,89603,725.5,744.982564,316236,324723,Point,26077,1791021454,292542.3478,435.88,6875,215954
0,rooftop,NA,NA,NA,NA,NA,NA,NA,NA,NA,South Chesterfield,US,Chesterfield County,Mangowood Dr,2609,NA,NA,NA,NA,NA,VA,Mangowood,Dr,23834,SOUTH CHESTERFIELD,NA,1978-01-01T00:00:00Z,2/28/2015,"2609 Mangowood Dr, South Chesterfield, VA 23834","2609 MANGOWOOD DR, SOUTH CHESTERFIELD, VA, 23834",800021705,VA360027010,End Date Passed,1978-01-01T00:00:00Z,37.318107,-77.409263,DRUCKER & FALK LLC,Profit Motivated,Chesterfield,563f4163-d468-e711-806a-005056ba3ab9,COLONIAL RIDGE APTS LP,Profit Motivated,BERMUDA RUN APARTMENTS SEC II,BERMUDA RUN APARTMENTS SEC II,16,Opt-out,6: Notification of the intention to Opt-out of the Section 8 Contract,62.47,,NA,Virginia Geographic Information Network (VGIN),41978,VA,Virginia,2609 MANGOWOOD DR,Section 8,Section 8,Inactive,Sec 8 NC,Family,52,48,NA,23834,1,24195,24886,17509,37881,46036,50230,22791,39933,19555,9827,3496,19897,1210,10294,100,3.11,2.69,20.4,98,69412,6556,86237,163837,10250,MultiPolygon,201,22864,115680,122555,14401,9490,100,37.317741,-77.408786,152399,31414,34447,37.5,38.6,36.2,3120,8363,1021191,220,71,10802,89603,725.5,744.982564,316236,324723,Point,26077,1791021454,292542.3478,435.88,6875,215954
